usuario_id,nombre,apodo,contrase√±a,fecha_creacion,verificado,rol
1,Norma Fisher,tammy76,r%7_LszReW,2024-07-05,False,Creador
2,Heather Stewart,tammywoods,t(&4eBYXnz,2022-05-19,True,Creador
3,Walter Pratt,udavis,SeS7RDjVK(,2022-12-19,False,Creador
4,Roberto Johnson,thomas12,uSGe0CowV#,2021-03-12,False,Creador
5,Brian Matthews,megan30,wDCm*_d$+4,2021-07-21,False,Ambos
6,Lisa Johnston,hdavis,x!)9Ag@J*7,2024-03-15,True,Ambos
7,Jonathan Williams,lyonspeter,%tXbx%cpD5,2024-07-04,True,Creador
8,Stephanie Golden,deborah64,L^8SWiaXb#,2024-01-08,True,Jugador
9,Angela Wheeler,ernest37,NdIb$K7b&9,2023-04-08,False,Ambos
10,John Lamb,olopez,w@2AmycX2X,2024-07-16,True,Creador
11,Jennifer Miller,robin14,#q8@$cUuv8,2023-08-31,True,Ambos
12,Cassandra Bennett,alan24,^DX5Zy9lS9,2022-01-08,True,Ambos
13,Monica Turner,kevin11,okD7dJPgs(,2022-05-17,False,Creador
14,Adam Long,shane79,F+73JENcds,2022-09-04,True,Creador
15,Andrew Gould,cindygarcia,n*WLTZJr*6,2022-05-10,False,Creador
16,Michael Burgess,lisa08,#G9e4TQz%),2021-11-11,True,Ambos
17,Sheila Murray,william88,!QWCJhvsI9,2020-06-30,False,Creador
18,Elizabeth Hudson,cameron44,%&69nZmIOp,2020-10-17,False,Jugador
19,Jasmine Williams,bosborne,Y!SD9TOrXe,2021-07-29,True,Jugador
20,Jasmine Carter,stonekristen,KmLZ^$vN$0,2024-12-13,False,Ambos
21,Eric Wilson,bsnow,@1N#Lc#uxf,2020-07-30,True,Ambos
22,Crystal Diaz,jaredharris,9dv_1XNa7#,2023-01-06,False,Creador
23,Tina Fields,brittanymiller,(f)4P5JFb9,2021-02-12,True,Ambos
24,Edwin Butler,brittanyevans,Y1HFoxsK^w,2021-10-21,False,Ambos
25,Jill Ross,preynolds,EYQhenLM*5,2024-02-07,True,Jugador
26,Kaitlin Gregory,amysullivan,_i6DVH*680,2021-02-03,True,Jugador
27,Elizabeth Morgan,pamelagill,Qj6RIJHjk@,2021-07-09,True,Ambos
28,Kevin Taylor,michael76,$PwK_Ow37G,2020-07-19,False,Jugador
29,Brian Smith,morgan43,*M#9JJKgeQ,2023-10-21,True,Creador
30,John Blair,scottharris,5&1%+0MbeP,2020-12-14,False,Jugador
31,Kelli Huber,fcarpenter,7$07aGkkx%,2021-05-13,False,Ambos
32,Angela Flores,qbarry,!3Q8BggBp6,2025-03-10,False,Ambos
33,Joel Hardy,starkrobert,*57Or3dmTr,2024-08-30,True,Ambos
34,Ryan Ramirez,luis61,ke(4TYr@Xe,2020-07-20,False,Ambos
35,Kaylee Trevino,cruzjoseph,+eL4h5Qb59,2025-03-14,True,Ambos
36,Holly Walters,nataliemoore,iC8Ud3gei#,2020-09-18,False,Creador
37,Heather Bryant,benjaminangela,#Bo7WZmxG%,2022-06-01,True,Ambos
38,Michael Torres,ashley02,%5^vC0Pu_u,2023-02-24,False,Creador
39,Gary Hatfield,areyes,g8R$uzG!%q,2022-07-07,True,Creador
40,Samantha Wright,fryepaula,+8WXLFWwlg,2022-12-26,True,Jugador
41,Judith Romero,jillsullivan,%sSyj7MaLf,2020-09-02,True,Jugador
42,Zachary King,wanda38,(TMxuifcE5,2020-12-06,False,Creador
43,Tiffany Cox,marcus69,_2)AwNzm&h,2022-11-12,True,Jugador
44,Carrie Jackson,bethanydavid,_78TzfmRTz,2024-11-04,True,Jugador
45,Matthew Bradshaw,cward,li6Ut+2Ed(,2024-01-25,True,Jugador
46,Jerome Manning,zshields,+%J1GKifCA,2023-11-18,False,Ambos
47,Reginald Garrett,cterry,)7CLNQ$s)!,2020-11-10,False,Ambos
48,Ryan Best,edwardsrebecca,4_NP0sve_f,2023-06-05,True,Jugador
49,Robin Miller,lisaharris,%5vW+wS#VZ,2024-05-18,False,Ambos
50,Robin Boyd,roberta27,(0R^JcLnPz,2022-01-18,False,Creador
51,Alicia Blackwell,bradleybrewer,tWk04uZmW+,2022-01-12,False,Ambos
52,Robert Lee,gbrown,@Xa@LSaO0$,2021-04-23,False,Jugador
53,Angela Howard,ruizantonio,(+S40uBarY,2022-07-16,False,Ambos
54,Erin Burch,jeremy67,^9E!Glz@mm,2021-10-18,True,Creador
55,Jamie Johnson,rbradley,PR^3axElM^,2021-01-30,False,Jugador
56,Yolanda Dyer,amy99,X*GYRpIbi3,2024-06-04,True,Jugador
57,Gilbert Jenkins,kathleen15,^Yh2U1l9Y9,2023-06-12,False,Jugador
58,Brian Kelly,jordanraymond,S@031YnErg,2021-11-03,True,Creador
59,Jonathan Rivera,rhondarollins,+hDwPxzmJ8,2022-03-28,True,Creador
60,Lindsey Palmer,haley92,b1ZN(LV6&j,2021-11-30,False,Jugador
61,Kelly Franklin,samuelsutton,%SK$FlZe50,2022-10-12,True,Jugador
62,Katherine Newman,obaker,p(5^FjwT74,2021-04-18,True,Jugador
63,Sean Morrow,brendagonzalez,!Od6RqDw!4,2023-07-07,True,Jugador
64,Katrina Peterson,torresrobert,_925aM8y+(,2023-09-04,True,Ambos
65,Heather Ramirez,tsaunders,(+v1uDPjy%,2024-10-07,True,Ambos
66,David Holmes,davislogan,6sBf11d#$!,2022-03-11,True,Creador
67,John Abbott,ljones,N!Ny$w#m$3,2021-04-11,True,Creador
68,Brian Garcia,schwartzchristine,Ua2P(Mtg_M,2024-01-14,True,Jugador
69,Blake Wagner,shawnbell,rSOj45Nx&0,2021-03-29,True,Jugador
70,Timothy Mccoy,shaheric,+s5TOz$w!D,2024-11-29,True,Ambos
71,Michelle Wheeler,shernandez,us#VWBg!)7,2024-02-12,True,Creador
72,Madison Mitchell,trevor32,KKb8MLhw^H,2020-11-21,True,Ambos
73,Daniel Nash,ofernandez,!2SQWgh3Xu,2020-09-24,True,Ambos
74,Tina Richardson,lgreen,GPDm74Hm*%,2023-10-10,True,Ambos
75,Allison Hamilton,kathleenmcclure,@769HZhb%Q,2023-04-26,False,Ambos
76,Zachary Garcia,wmoses,QpV4QjSde@,2023-06-17,True,Creador
77,Nathan Kline,jasonclayton,j!4RvjB&#l,2025-03-19,True,Jugador
78,Jerry Perry,lmartinez,5KdFjZ7q*B,2024-11-21,True,Ambos
79,Kyle Hartman,ocampbell,%L5FQZlr5A,2024-12-18,False,Creador
80,Joseph Porter,richard70,64LgS6#5#8,2021-12-03,False,Jugador
81,Kelly Schroeder,bowenkristy,GGG$0pNfs!,2024-01-02,True,Ambos
82,Mary Scott,stafforderic,$PBLLyi)Y3,2023-07-17,False,Jugador
83,Victor Shaw,dennis73,A_mKpCpW)6,2022-02-06,True,Ambos
84,Derek Jackson,lindseyholmes,(pAtUk27d8,2022-05-03,False,Jugador
85,Cathy Thompson,chelsea40,_0Ax5mgp&t,2025-01-06,False,Creador
86,Oscar Harrell,lgonzalez,X7Vvptes#Z,2023-02-19,False,Ambos
87,Thomas Howe,jennifermorgan,8y5Cs^Vx*#,2024-01-23,True,Ambos
88,Melissa Hess,silvadaniel,f#78(EJv!W,2020-09-22,True,Jugador
89,Robert Miller,vschneider,0sGj)g9n$n,2025-04-06,True,Jugador
90,Bethany Clark,mariahray,H4I$jg!9%n,2020-07-19,False,Ambos
91,Erica Thomas,millerjamie,MQ5KjVpQ*_,2021-02-03,False,Jugador
92,Andrew Newman,beckalice,4NVLbvP5)f,2025-05-19,False,Ambos
93,Brian Graham,amystone,@F0NhSJlia,2024-07-31,True,Jugador
94,Yolanda Martin,rdominguez,ez7G0Kay)q,2023-08-19,False,Ambos
95,David Scott,amandaglenn,CY7HiSRt(^,2023-07-17,False,Ambos
96,Michelle Davis,sconway,&Ig$w4Qg^P,2021-06-22,False,Ambos
97,Felicia Moore,christina87,%p&NyYP@a8,2020-11-05,False,Creador
98,Samantha Blair,cabreramonica,vu+2Y9ts4),2022-10-20,False,Jugador
99,Chad Bridges,ldickson,$NAl8sdpq9,2020-07-10,True,Creador
100,Charles Ryan,stefanie27,Z^7*OEH89u,2021-04-21,True,Creador
101,Brenda Berg,qthomas,ygGyF$nG+8,2023-02-03,True,Ambos
102,Kelli Johnston,nclark,H1MD#5*r&n,2022-02-14,False,Jugador
103,Ariana Anderson,andreameyer,)tbTYkDm6d,2022-04-19,True,Creador
104,Briana Chavez,munozmary,%b6K&)xXa5,2024-08-14,False,Ambos
105,Joseph Schultz,darrellmorris,o2LzagH__1,2024-08-28,False,Ambos
106,Kevin Walter,nbaker,2RvEAM&F@o,2021-03-25,False,Ambos
107,David Willis,omartin,Qy9YX_Wi_@,2021-04-22,True,Ambos
108,John Deleon,tbraun,D6I2yO3b@6,2020-08-02,False,Creador
109,Jennifer Stone,jenniferbaldwin,_KZ5MsAg8G,2024-02-06,False,Ambos
110,Ryan Manning,ethansmith,@67HW7id37,2023-03-29,True,Jugador
111,Tami Rivera,suzannemartinez,cEo7VyOf^w,2023-11-03,True,Ambos
112,Anne Brown,carolyn44,c!1&hLRv(M,2020-08-15,False,Jugador
113,Brian Hardy,amy84,@%u(00tsR1,2020-08-19,True,Jugador
114,Ashlee Miller,uclark,VT&J3Oxu8P,2022-01-30,False,Creador
115,Stephanie Morris,watsonchristy,+*fm14VhS#,2022-03-05,False,Jugador
116,Andrea Braun,ballheather,3JSf6tTi(r,2021-01-15,False,Ambos
117,Mrs. Jamie Gutierrez,justinbonilla,Zb+bUxen(0,2023-08-22,False,Ambos
118,Robert Willis,michaelcoleman,*CCv+mO^4v,2024-03-19,True,Jugador
119,Cassie Sanders,susan02,(m82D#mv*%,2022-03-31,False,Jugador
120,Barry Williams,woodkenneth,$!q0&_wtkB,2024-03-05,False,Ambos
121,John Heath,ambertaylor,^P#rQfes^6,2022-07-22,True,Creador
122,Anna Jacobs,jill58,^g0A_aON)x,2021-04-21,False,Ambos
123,Kathleen Chen,jake19,3*LuzEZ5_i,2022-10-09,True,Jugador
124,Whitney Wong,ayalajoseph,_mI0lTVIm2,2023-04-19,False,Creador
125,Jared Aguilar,robinjohnson,(VxOD(rI13,2022-02-04,False,Creador
126,Kathleen Todd,ericpatterson,d+UAz3Ic*Q,2024-06-10,True,Creador
127,Larry Scott,nicholas80,Jgifx8Qg*@,2025-03-02,True,Ambos
128,Jeremy Manning,zlane,3J)00Tylop,2024-12-16,True,Ambos
129,Wendy Rowe,sandra46,sj9vD@MU$(,2023-01-25,True,Jugador
130,Carlos Mcdonald,brad11,AU)1hHJvpv,2024-02-07,False,Ambos
131,Cheryl Jones,stevencox,M*54HfWf0a,2021-06-14,False,Creador
132,Peter Collins,lopezdebra,_2FQ7erhGN,2021-04-17,True,Jugador
133,Kenneth Garcia,megan62,i7ZHsW+i(Q,2024-02-08,True,Ambos
134,Yolanda Ellis,taylorgregory,tK*hC)5e$3,2023-01-05,True,Ambos
135,Michael Rangel,james81,$R7XSFqd%4,2020-09-18,True,Jugador
136,Karen Taylor,hoffmanandrew,tbibiBkE#1,2022-04-12,True,Ambos
137,Andrew Doyle,blackwelljoann,%Zur2Y9g&I,2025-01-14,True,Creador
138,Michael Spears,sarah03,H7nYju12+Y,2024-10-19,False,Ambos
139,Scott Stanley,olsonjohn,##1h&vBqZF,2023-05-08,True,Jugador
140,Kelly Lawson,gmorrison,#6)D7kxKeS,2023-06-02,False,Creador
141,David Rivera,vlawrence,9GTD0p8L@7,2024-05-11,True,Jugador
142,Melissa Moody,taylor06,)Z7WOKdtI!,2024-11-06,False,Creador
143,Sheila Mclean,rebeccaunderwood,EVm&2Wrxa^,2022-08-24,True,Creador
144,Joseph Waller,collinssean,m$z7AqxDl1,2023-09-17,True,Ambos
145,Robert Page,michellejohnson,@cM%BLTn*2,2022-09-16,False,Jugador
146,Antonio Jones,wheelergeorge,_z&QjkrXa3,2025-05-18,True,Creador
147,Benjamin Mccarty,lori49,B5tHJmUx#d,2020-11-12,True,Jugador
148,Bethany Reyes,jessicacurtis,@8o@BJBm06,2020-11-25,True,Jugador
149,Christina Ellis,ashleylewis,Bg$1f8Jy(U,2023-12-25,False,Ambos
150,Betty Welch,samantha98,NUQ(rAm)$3,2022-09-04,False,Creador
151,Richard Taylor,jenniferestrada,hV2%6Yb9zd,2021-07-13,True,Ambos
152,Darlene Jackson,rebecca08,c_0PRs*nbE,2022-12-31,False,Ambos
153,Thomas Nielsen,chrisowen,uzk_6I)kM^,2021-09-10,False,Ambos
154,Jason Marsh,ewatkins,Y@6H9j#$yI,2021-06-27,False,Creador
155,Brianna Howard,ryanhernandez,19@+PW6k)F,2024-09-10,True,Jugador
156,Stanley Davis,waltersrichard,(7jd5Hls*v,2023-06-01,False,Ambos
157,Margaret Ochoa,tiffany63,RHW6UsK&!a,2022-07-23,False,Jugador
158,Angela Walker MD,andrew74,fL+6Gc$f%_,2023-09-06,True,Jugador
159,Kimberly Duke,narcher,(x**W&Hle0,2023-03-17,False,Creador
160,Christine Bishop,emily98,6!TA7BesdS,2023-03-29,False,Creador
161,Michelle Cline,pachecomaureen,TUb5SAdQ+O,2024-04-18,True,Creador
162,Elizabeth Smith,daniel12,7tIilSL7&u,2023-07-24,True,Jugador
163,Evelyn Brown,grant47,!7XBQD@jY8,2024-04-14,False,Jugador
164,Gregory Hall,jameslaura,_!x3B*kH9*,2025-06-09,True,Ambos
165,Barry Olson,joseph30,Q@8HQoe(+m,2025-05-12,False,Creador
166,Johnny White III,wardemma,4iUiw_yC+5,2021-09-06,False,Ambos
167,Cody Price,keith90,jFAlcFIE$9,2021-08-23,True,Creador
168,Kathy Bradshaw,bonnie89,67@I9Fl1L^,2022-04-03,True,Creador
169,Kevin Riddle,lhopkins,+#IYl*aGY3,2024-08-14,True,Jugador
170,Katherine Coleman,dnoble,)Y+2Fk@s%B,2025-04-28,False,Jugador
171,Katherine Taylor,nathanielroy,t4kGp6Xh2),2024-06-28,True,Creador
172,Rebecca Johnson,bsandoval,^OH45oZedO,2024-12-22,False,Creador
173,Scott Garcia,frank34,q#+*2Lg18v,2023-05-04,False,Creador
174,Kristina Garrett,yusharon,0NKblxJb!q,2020-07-28,True,Jugador
175,Rodney Cochran,lisa89,(w26T_R&#),2023-05-17,False,Creador
176,Timothy Fischer,joshuaglass,Kp!2Gmx*+E,2024-09-26,False,Creador
177,Kylie Knight,bakerdanielle,!8Kkkk%G+1,2020-12-15,True,Creador
178,Joshua Young,jeffcabrera,*L^N2Wj+3U,2021-08-10,True,Ambos
179,Kimberly Rodriguez,charlottereed,AxrH9Bj#)4,2023-01-20,False,Creador
180,Mathew Mccullough,rrodriguez,kDlZ(dqq+0,2025-06-08,True,Creador
181,Douglas Rodriguez,royangela,H$7oq)Ti%4,2024-01-27,False,Ambos
182,Robert Dunn,fmoore,$AV9ZeCZ+o,2023-01-29,True,Jugador
183,Jorge Nelson,umorris,2$103kqjQJ,2021-07-09,False,Ambos
184,Roberta Baker,blong,ICZb$uaU)2,2021-11-22,True,Jugador
185,Molly Coleman,sarah73,_6IfKAeG1x,2023-07-05,True,Jugador
186,Scott Johnson,ole,pw036Bn4%o,2022-06-17,True,Jugador
187,Amy Krueger,penny99,@EKOy1+h#1,2025-06-02,False,Jugador
188,David Armstrong,lisa79,4y%KQkz0%R,2024-11-30,True,Creador
189,Tara David,hstanley,^)6YG1qzDO,2025-02-20,False,Creador
190,Suzanne Larson,whitakersean,S#28N%FeG+,2022-12-31,False,Ambos
191,Jeffrey Pierce,schwartzerica,yHEH&3$H^6,2024-09-03,True,Creador
192,Christine Martin,shannonwilliams,Y$X6rMTnGX,2025-06-11,True,Creador
193,Brian Hopkins,kyleyang,K!1mcVt+zQ,2021-03-05,True,Creador
194,Tracey Peterson,jenniferbyrd,yRoKjFxi&0,2021-02-02,True,Creador
195,Christine Morse,cford,NE7TYyQw_2,2022-01-14,True,Creador
196,Martin Lester,kevin00,x&3N37@y!@,2020-08-24,True,Jugador
197,Jerry Rivera,browndonna,wHiUhl*+!0,2024-12-12,True,Ambos
198,Cody Jones,robert68,%8mEmdTTuh,2021-04-09,False,Ambos
199,John Villegas,hendersonjoseph,)s9FXvF%9z,2024-08-28,True,Jugador
200,Dan Coleman,martindana,$PjCEjTxP8,2024-02-07,False,Creador
